<?xml version="1.0" encoding="UTF-8"?>
<jcr:root xmlns:sling="http://sling.apache.org/jcr/sling/1.0" xmlns:cq="http://www.day.com/jcr/cq/1.0" xmlns:jcr="http://www.jcp.org/jcr/1.0" xmlns:nt="http://www.jcp.org/jcr/nt/1.0"
    jcr:primaryType="cq:Page">
    <jcr:content
        cq:lastModified="{Date}2015-12-09T12:16:16.999+08:00"
        cq:lastModifiedBy="admin"
        cq:template="/apps/amway-angular-app/templates/angular-spa-page"
        jcr:primaryType="cq:PageContent"
        jcr:title="Amway App"
        sling:resourceType="amway-angular-app/components/pages/angular-page"
        rootpage="true">
        <image
            jcr:lastModified="{Date}2015-12-09T12:16:16.995+08:00"
            jcr:lastModifiedBy="admin"
            jcr:primaryType="nt:unstructured"
            imageRotate="0"/>
    </jcr:content>
    <home/>
    <about/>
    <privacy/>
    <product1/>
    <product2/>
    <product3/>
    <product4/>
</jcr:root>
